{
	"info": {
		"_postman_id": "733ed1bb-47aa-4eff-9251-367579a41d6e",
		"name": "HeadHunter",
		"schema": "https://schema.getpostman.com/json/collection/v2.1.0/collection.json"
	},
	"item": [
		{
			"name": "Companies",
			"request": {
				"method": "GET",
				"header": [],
				"url": null
			},
			"response": []
		},
		{
			"name": "Vacancies",
			"request": {
				"method": "GET",
				"header": [],
				"url": null
			},
			"response": []
		},
		{
			"name": "Vacancies Of Company",
			"request": {
				"method": "GET",
				"header": [],
				"url": {
					"raw": "{{BASE_URL}}/api/companies/2/vacancies",
					"host": [
						"{{BASE_URL}}"
					],
					"path": [
						"api",
						"companies",
						"2",
						"vacancies"
					]
				}
			},
			"response": []
		},
		{
			"name": "Top Ten Vacancies",
			"request": {
				"method": "GET",
				"header": [],
				"url": null
			},
			"response": []
		},
		{
			"name": "Company Details",
			"request": {
				"method": "GET",
				"header": [],
				"url": null
			},
			"response": []
		},
		{
			"name": "Vacancy Details",
			"request": {
				"method": "GET",
				"header": [],
				"url": {
					"raw": "{{BASE_URL}}/api/vacancies/2",
					"host": [
						"{{BASE_URL}}"
					],
					"path": [
						"api",
						"vacancies",
						"2"
					]
				}
			},
			"response": []
		}
	],
	"event": [
		{
			"listen": "prerequest",
			"script": {
				"type": "text/javascript",
				"exec": [
					""
				]
			}
		},
		{
			"listen": "test",
			"script": {
				"type": "text/javascript",
				"exec": [
					""
				]
			}
		}
	],
	"variable": [
		{
			"key": "BASE_URL",
			"value": "localhost:8000/"
		}
	]
}